name,price,author
หนังสือสติกเกอร์ เที่ยวรอบโลก,142.50 บาท,พัทธนันท์ หวังสมบูรณ์ศิริ
หนังสือเสียง Sound Book ก ไก่ ABC 123 - 3 ภาษา (ปกแข็ง),355.50 บาท,กองบรรณาธิการสำนักพิมพ์เอ็มไอเอส
หนังสือเสียง Sound Book 100 Animals - 3 ภาษา(ปกแข็ง),355.50 บาท,กองบรรณาธิการสำนักพิมพ์เอ็มไอเอส
หนังสือภาพดุ๊กดิ๊กABCมหัศจรรย์ (ปกแข็ง),342.00 บาท,ซูเหวยอวี่
หนังสือภาพดุ๊กดิ๊กสัตว์โลกมหัศจรรย์ (ปกแข็ง),342.00 บาท,ซูเหวยอวี่
หนังสือ/รูปร่าง/ว่างไร้,535.50 บาท,Ruth Ozeki
หนังสือแม่เหล็กฯ ยานพาหนะแสนสนุก,225.00 บาท,กองบรรณาธิการ
หนังสือแม่เหล็กฯ สัตว์โลกแสนสนุก,225.00 บาท,กองบรรณาธิการ
หนังสือแม่เหล็กฯ เจ้าหญิงแสนสนุก,225.00 บาท,กองบรรณาธิการ
หนังสือแม่เหล็กฯ สัตว์น้ำแสนสนุก,225.00 บาท,กองบรรณาธิการ
หนังสือหนีห่าว... พินอิน,702.05 บาท,OpenDurian
หนังสือระบายสีเล่มแรกของหนู : Little Baby's Animal Coloring Book,45.00 บาท,Buttercup Publishing Ltd.
หนังสือระบายสีเล่มแรกของหนู : Little Baby's Dinosaur Coloring Book,45.00 บาท,Buttercup Publishing Ltd.
หนังสือระบายสี Vehicle Colloring Book,45.00 บาท,Buttercup Publishing Ltd.
หนังสือระบายสี Sea Animal Coloring Book,45.00 บาท,Buttercup Publishing Ltd.
หนังสือสุดวุ่นไปโรงเรียนด้วยกันไหม(แข็ง),472.50 บาท,Carolin Gortler
หนังสือสติกเกอร์ ท่องจักวาลผ่านดวงดาว,142.50 บาท,วงวาด เอกลัคนารัตน์
หนังสือภาพสัตว์โลกน่ารัก สำหรับหนูน้อย,80.10 บาท,ทีมวิชาการ Life Balance
หนังสือภาพ ผักมีประโยชน์ สำหรับหนูน้อย,80.10 บาท,ทีมวิชาการ Life Balance
หนังสือภาพ ผลไม้มีประโยชน์ สำหรับหนูน้อย,80.10 บาท,ทีมวิชาการ Life Balance
หนังสือสะกดคำ ปรับสำเนียง ออกเสียงเป๊ะ!  BY ครูพี่แอน,449.10 บาท,วรินธร เอื้อวศินธร (ครูพี่แอน)
หนังสือสุดวุ่นท่องโลกในยามค่ำคืน(ปกแข็ง),472.50 บาท,Alexandra Helm
หนังสือโปสเตอร์สติกเกอร์ เที่ยวสวนสนุกสุดหรรษา,114.00 บาท,อะลิตเติ้ลมัม
หนังสือโปสเตอร์สติกเกอร์ เที่ยวทะเลแสนสนุก,114.00 บาท,อะลิตเติ้ลมัม
หนังสือโปสเตอร์สติกเกอร์ เที่ยวแคมป์ปิ้งสุดเฮฮา,114.00 บาท,อะลิตเติ้ลมัม
หนังสือสติกเกอร์เสริมการเรียนรู้เด็ก ชุดหนูน้อยอยู่ไหนก็ปลอดภัย 6 เล่ม,805.50 บาท,Beijing Little Red Flower Studio
หนังสือเสริมเพิ่มเติม เคมี ม.5 เล่ม 4,99.00 บาท,นิพนธ์ กชทองรัศมี
หนังสือเสริมเพิ่มเติม เคมี ม.5 เล่ม 3,94.00 บาท,นิพนธ์ กชทองรัศมี
หนังสือแพ็คคู่ เล่ม 1-2 ชุดจิตลับ หัวใจรัก,672.00 บาท,เช่อเยี่ยหลิวเซียง
หนังสือสุดวุ่น ค้นพบโลกไดโนเสาร์(ปกแข็ง),446.00 บาท,Max Walther (แม็กซ์ วอลเทอร์)
หนังสือโฟม 100 First Animals (ใช้ร่วมกับ MIS Talking Pen),175.50 บาท,กองบรรณาธิการ
หนังสือเตรียมสอบท้องถิ่นและเฉลยข้อสอบ,502.00 บาท,กองบรรณาธิการสถาบันกวดวิชา เจ โนว์เลจ
หนังสือเล่มหนา กาลเวลา และผู้คน (ฉบับพิมพ์ครั้งที่ 2),200.00 บาท,มิซึโยะ คาคุตะ
หนังสือลอยน้ำ100 First Animals(TALKING P,130.50 บาท,กองบรรณาธิการสำนักพิมพ์เอ็มไอเอส
หนังสือลอยน้ำABC (MIS TALKING PEN),123.00 บาท,กองบรรณาธิการสำนักพิมพ์เอ็มไอเอส
หนังสือลอยน้ำ123 (MIS TALKING PEN),130.50 บาท,กองบรรณาธิการสำนักพิมพ์เอ็มไอเอส
หนังสือลอยน้ำAnimals ( MIS TALKING PEN),130.50 บาท,กองบรรณาธิการสำนักพิมพ์เอ็มไอเอส
หนังสือลอยน้ำVehicles (MIS TALKING PEN),130.50 บาท,กองบรรณาธิการสำนักพิมพ์เอ็มไอเอส
หนังสือลอยน้ำ ก ไก่ (MIS TALKING PEN),130.50 บาท,กองบรรณาธิการสำนักพิมพ์เอ็มไอเอส
หนังสือภาพ 3ภาษา จีน-อังกฤษ-ไทย ศัพท์จีน,206.10 บาท,ทีมวิชาการ Life Balance
หนังสือสติกเกอร์ ABC สัตว์โลก,142.50 บาท,นิชานันท์ วชิรบัณฑูร
หนังสือสติกเกอร์ ABC ไดโนเสาร์,142.50 บาท,วิภาวี เจริญสุข
หนังสือสติกเกอร์ การพรางตัวของสัตว์,142.50 บาท,วงวาด เอกลัคนารัตน์
หนังสือกาวตูน,242.00 บาท,Pong Visa
หนังสือกอดใจ The Comfort Book,251.00 บาท,แมตต์ เฮก (Matt Haig)
หนังสือเล่มนี้ที่คุณตามหา,276.00 บาท,มิจิโกะ อาโอยามะ (Michiko Aoyama)
หนังสือสรุปเนื้อหาทุกวิชา TCAS,417.00 บาท,กองบรรณาธิการสถาบันกวดวิชา เจ โนว์เลจ
หนังสือเล่มหนึ่งซึ่งไม่มีวางขาย,202.50 บาท,ยาสึชิ คิตากาวะ (Yasushi Kitakawa)
หนังสือที่กลืนกินคุณพ่อของผม,198.00 บาท,อะฟงซู ครุซ
หนังสือเรียนรายวิชาพื้นฐานคณิตศาสตร์ ชั้น ป.2 (เล่ม 2),90.25 บาท,Dr.Lee Ngan Hoe และอรรถศาสน์ นิมิตรพันธ์
หนังสือเรียนรายวิชาพื้นฐานคณิตศาสตร์ ชั้น ป.2 (เล่ม 1),104.50 บาท,Dr.Lee Ngan Hoe และอรรถศาสน์ นิมิตรพันธ์
หนังสือเรียนรายวิชาพื้นฐานคณิตศาสตร์ ชั้น ป.5 (เล่ม 2),90.25 บาท,Dr.Lee Ngan Hoe และอรรถศาสน์ นิมิตรพันธ์
หนังสือเรียนรายวิชาพื้นฐานคณิตศาสตร์ ชั้น ป.5 (เล่ม 1),85.50 บาท,Dr.Lee Ngan Hoe และอรรถศาสน์ นิมิตรพันธ์
หนังสือสำหรับหัวหน้าที่อยากให้ลูกน้องคิดเองเป็น,213.00 บาท,ชิโนฮาระ มาโคโตะ
หนังสือเรียนรายวิชาพื้นฐานภาษาอังกฤษ ชั้น ป.5,142.50 บาท,"H.Q. Mitchell, Marileni Malkogianni"
หนังสือเรียนรายวิชาภาษาอังกฤษ ชั้น ป.3,142.50 บาท,"H.Q. Mitchell, Marileni Malkogianni"
หนังสือเรียนรายวิชาพื้นฐานภาษาอังกฤษ ชั้น ป.2,142.50 บาท,"H.Q. Mitchell, Marileni Malkogianni"
หนังสือเรียนรายวิชาพื้นฐานคณิตศาสตร์ ชั้น ป.4,142.50 บาท,Dr.Lee Ngan Hoe และอรรถศาสน์ นิมิตรพันธ์
หนังสือเรียนรายวิชาพื้นฐานภาษาอังกฤษ ชั้น ป.6,142.50 บาท,"H.Q. Mitchell, Marileni Malkogianni"
หนังสือเรียนรายวิชาพื้นฐานภาษาอังกฤษ ชั้น ป.4,142.50 บาท,"H.Q. Mitchell, Marileni Malkogianni"
หนังสือเรียนรายวิชาพื้นฐานคณิตศาสตร์ ชั้น ป.1,118.75 บาท,Dr.Lee Ngan Hoe และอรรถศาสน์ นิมิตรพันธ์
หนังสือเรียนรายวิชาพื้นฐานภาษาอังกฤษ ชั้น ป.1,142.50 บาท,"H.Q. Mitchell, Marileni Malkogianni"
"หนังสือลอยน้ำ Hello, Pinkfong!",98.00 บาท,กองบรรณาธิการแพรวเพื่อนเด็ก
หนังสือชุด Bookstart เรื่อง หนูหัดอ่าน ABC,67.50 บาท,กองบ.ก สำนักพิมพ์โลกหนังสือ
หนังสือสวดมนต์แปล พร้อม CD (สวดทันที สุขทันใจ),160.55 บาท,กองบรรณาธิการ
รถแข่งทะลุจอ 3D (หนังสือระบายสีเสมือนจริง),125.00 บาท,DEVAR
THE GREATEST  MANIFESTATION BOOK IS THE ONE WRITTEN BY YOUหนังสือจิตดลบันดาลที่เยี่ยมยอดที่สุด ต้องเขียนด้วยตัวคุณเอง (ปกแข็ง),445.50 บาท,เว็กซ์ คิงส์ และ เกาศัล
THE GREATEST SELF-HELP BOOKIS THE ONE WRITTEN BY YOU หนังสือพัฒนาตัวเองที่เยี่ยมยอดที่สุด ต้องเขียนด้วยตัวคุณเอง (ปกแข็ง),445.50 บาท,เว็กซ์ คิงส์ และ เกาศัล
ปาฏิหาริย์แมวลายส้มผู้พิทักษ์หนังสือ เล่ม 2,296.10 บาท,นัตสึคาวะ โซสุเกะ
คุณอาเรียโต๊ะข้างๆพูดรัสเซียหวานใส่ซะหัวใจจะวาย หนังสือรวมภาพของโมโมโกะ Artbook,900.00 บาท,ซันซันซัน
123 HEALING ENGLISH ROOMS หนังสือฮีลใจที่จะเปลี่ยนชีวิตคุณไปตลอดกาล,351.00 บาท,วรินธร เอื้อวศินธร (ครูพี่แอน)
ป๋องแป๋งรักหนังสือ,85.50 บาท,สองขา
ชุดหนังสือเสริมประสบการณ์ อายุ 3+,180.00 บาท,ชุติภาดา อาจศิริ และคณะ
ชุดหนังสือเสริมประสบการณ์ อายุ 4+  (6 เล่ม),180.00 บาท,ชุติภาดา อาจศิริ และคณะ
ประวัติศาสตร์หนังสือกับวรรณกรรมศึกษาในบริบทไทย,351.00 บาท,คณะนักวิจัยในแผนงานวิจัย
ชุดหนังสือพูดได้ 14 เล่ม+ปากกา รุ่นนกฮูก,"2,542.00 บาท",กองบรรณาธิการสำนักพิมพ์เอ็มไอเอส
บาร์หนังสือจากดวงจันทร์,292.50 บาท,Seo DongWon
ยานพาหนะ หนังสือแม่เหล็กเสริมการเรียนรู้เด็ก (ปกแข็ง),328.50 บาท,หลิน เหม่ยอวี้
ABC หนังสือแม่เหล็กเสริมการเรียนรู้เด็ก (ปกแข็ง),328.50 บาท,หลิน เหม่ยอวี้
เจ้าหญิงเปลี่ยนชุดหนังสือแม่เหล็กเสริมการเรียนรู้เด็ก (ปกแข็ง),310.00 บาท,หลิน เหม่ยอวี้
